Date,PM2.5,PM10,NO,NO2,NH3,SO2,CO,Ozone
02-01-2024 00:00,209.98,312.71,14.61,24.43,48.36,2.91,0.92,8.85
03-01-2024 00:00,234.08,342.32,14.95,32.32,52.83,2.1,1.26,13.01
04-01-2024 00:00,234.11,345.63,28.85,25.35,46.18,7.29,1.33,9.3
05-01-2024 00:00,162.72,242.64,18.97,29.65,49.83,7.16,1.13,12.86
06-01-2024 00:00,178.95,262.11,17.05,40.32,52.9,6.86,1.15,20.56
07-01-2024 00:00,161.44,258.42,22.92,39.12,51.07,4.36,0.93,24.26
08-01-2024 00:00,266.55,450.02,50.73,54.35,52.38,9.39,1.78,13.57
09-01-2024 00:00,148.79,241.55,9.99,29.61,48.88,4.9,0.92,15.52
10-01-2024 00:00,171.64,273.89,22.6,30.31,53.25,4.7,1.08,15.39
11-01-2024 00:00,211.43,319.41,31.56,41.45,52.6,5.42,2.15,24.57
12-01-2024 00:00,223.15,316.2,48.06,46.76,53.32,5.33,2.29,24.58
13-01-2024 00:00,457.21,609.58,92.85,88.72,73.47,8.72,3.88,28.88
14-01-2024 00:00,441.54,605.83,108.63,57.88,66.16,4.78,3.95,24.88
15-01-2024 00:00,214.22,327.48,70.3,40.38,41.41,2.93,2.43,17.61
16-01-2024 00:00,270.1,358.23,44.21,24.69,37.68,2.09,2.16,16.25
17-01-2024 00:00,247.45,377.23,11.41,25.23,25.7,8.75,1.54,18.12
18-01-2024 00:00,174.76,265.46,16.91,17.99,19.49,6.17,1.44,11.44
19-01-2024 00:00,183.07,264.91,17.22,8.71,17.25,5.76,1.47,8.84
20-01-2024 00:00,202.08,316.88,10.57,12.69,15.45,5.95,1.23,14.91
21-01-2024 00:00,165.09,235.48,10.65,4.57,13.64,5.53,1.25,11.6
22-01-2024 00:00,213.57,338.39,8.8,10.89,12.74,5.76,1.16,16.69
23-01-2024 00:00,236.32,358.67,7.48,10.26,13.35,7.37,1.69,20.2
24-01-2024 00:00,301.91,450.73,15.62,9.71,13.68,6.84,2.3,10.7
25-01-2024 00:00,213.83,329.09,24.22,23.5,29.11,4.78,2.3,10.55
26-01-2024 00:00,307.46,496.45,53.17,19.41,37.12,4.01,3.81,19.21
27-01-2024 00:00,228.91,427.22,38.64,15.52,31.05,7.52,2.66,15.29
28-01-2024 00:00,283.41,431.44,41.93,14.69,28.4,7.22,2.34,8.31
29-01-2024 00:00,205.51,346.49,13.15,14.31,26.21,5.1,1.79,12.19
30-01-2024 00:00,238.27,352.06,19.01,11.22,25.16,7.11,2.11,6.92
31-01-2024 00:00,273.41,345.15,32.44,11.33,24.43,5.53,3.03,4.03
01-02-2024 00:00,69.91,92,18.85,40.36,50.48,4.17,0.93,10.51
02-02-2024 00:00,118.87,153.92,46.16,37.16,50.02,5.22,1.46,6.32
03-02-2024 00:00,104.1,259.11,100.43,41.97,43.98,7.64,2.38,7.18
04-02-2024 00:00,136.66,215.89,50.38,54.84,68.51,2.34,1.42,6.85
05-02-2024 00:00,76.85,138.91,14.31,31.58,49.38,4.72,0.84,11.17
06-02-2024 00:00,79.75,230.94,40.77,39.51,35.87,4.94,1.1,14.62
07-02-2024 00:00,92.8,265.31,32.96,45.18,37.7,4.48,0.88,17.35
08-02-2024 00:00,77.81,203.46,18.08,37.18,31.51,5.73,0.78,19.96
09-02-2024 00:00,102.99,245.51,76.67,41.77,31.19,7.61,2.21,19.01
10-02-2024 00:00,230.74,483.99,95.78,49.22,40.4,5.28,2.42,24.85
11-02-2024 00:00,184.35,394.77,29.57,32.44,38.07,9.23,1.58,15.97
12-02-2024 00:00,198.61,389.32,29.06,25.83,36.61,6.62,3.05,20.17
13-02-2024 00:00,234.15,444.75,42.48,13.45,34.27,7.88,2.29,11.45
14-02-2024 00:00,192.9,360,24.85,8.81,27.81,5.54,1.84,17.84
15-02-2024 00:00,148.89,361.55,18.6,8.64,24.57,5.04,1.68,22.36
16-02-2024 00:00,148.95,349.74,23.16,9.09,22.74,7.61,2.19,25.04
17-02-2024 00:00,152.72,359.11,25.13,9.09,19.21,7.99,1.86,20.22
18-02-2024 00:00,133.42,342.17,37.78,9.75,14.34,8.98,1.48,20.82
19-02-2024 00:00,89.76,252.11,10,8.96,21.04,10.14,0.82,42.27
20-02-2024 00:00,124.03,297.97,36.72,42.93,46.32,7.45,1.86,20.4
21-02-2024 00:00,89.49,222.7,21.1,19.46,44.94,2.77,0.75,27.95
22-02-2024 00:00,57.94,174.55,15.97,23.99,29.76,7.73,0.54,34.3
23-02-2024 00:00,61.31,182.03,20.12,27.12,25.96,4.38,0.75,32.1
24-02-2024 00:00,90.78,319.17,50.1,42.07,28.41,6.3,1.34,49.91
25-02-2024 00:00,79.9,204.72,21.22,24.98,27.12,6.46,0.82,34.43
26-02-2024 00:00,91.07,289.86,32.43,32.67,25.85,7.81,1.3,38.81
27-02-2024 00:00,62.21,156.69,17.59,9.06,23.33,4.43,0.55,31.91
28-02-2024 00:00,80.65,204.59,12.65,11.66,22.87,4.75,0.79,29.01
29-02-2024 00:00,81.78,247.17,18.66,21.23,20.03,5.32,1.86,37.99
01-03-2024 00:00,97.94,256.9,30.59,35.04,18.21,5.09,1.3,36.82
02-03-2024 00:00,31.31,106.73,7.97,47.81,35.8,3.39,0.55,28.83
03-03-2024 00:00,42.58,183.01,7.67,55.83,30.98,1.57,0.43,36.21
04-03-2024 00:00,58.04,162.73,15.32,55.52,23.11,4.42,0.58,34.98
05-03-2024 00:00,57.41,146.45,13.46,21.5,26.26,6.45,0.52,43.17
06-03-2024 00:00,76.57,182.32,13.4,32.6,26.2,6.38,0.72,37.09
07-03-2024 00:00,92.29,229.45,26.58,40.93,27.61,6.14,1,34.49
08-03-2024 00:00,77.08,212.95,22.82,26.02,27.72,5.93,0.79,37.82
09-03-2024 00:00,84.06,225.34,16.59,33.85,25.75,6.3,0.96,32.3
10-03-2024 00:00,103.85,270.08,19.55,30.62,21.16,8.75,1.21,33.65
11-03-2024 00:00,83.77,274.94,16.6,27.32,19.93,4.55,1.14,43.23
12-03-2024 00:00,89.46,210.03,11.72,15.05,18.54,7.62,0.82,39.91
13-03-2024 00:00,79.46,238.5,13.34,19,18.92,8.72,0.97,27.2
14-03-2024 00:00,78.1,208.27,14.94,14.68,18.63,8.26,1.17,34.53
15-03-2024 00:00,52.73,174.79,13.15,20.57,18.94,8.31,0.77,29.66
16-03-2024 00:00,97.62,311.3,19.57,30.26,20.15,12.52,1,30.8
17-03-2024 00:00,118.2,302.29,14.48,17.75,15.54,12.97,1.92,30.24
18-03-2024 00:00,129.44,343.85,17.25,14.28,14.26,14.01,1.36,33.48
19-03-2024 00:00,124.95,348.81,17.56,11.62,12.36,14.51,1.4,36.15
20-03-2024 00:00,145.97,409.21,14.81,8.29,10.72,13.9,1.54,33.81
21-03-2024 00:00,79.44,235.04,10.01,13.34,16.98,6.83,1.01,27.93
22-03-2024 00:00,75.31,271.52,15.65,21.84,23.63,7,2.25,36.62
23-03-2024 00:00,91.07,298.73,17.43,20.36,21.25,4.27,1.65,26.13
24-03-2024 00:00,90.5,299.57,21.89,24.04,26.97,8.58,1.65,18.55
25-03-2024 00:00,123.64,232.28,10.8,15.35,27.03,11.23,2.33,23.25
26-03-2024 00:00,71.95,256.78,23.48,28.06,27.48,8.03,1.77,26.85
27-03-2024 00:00,75.49,264.28,33.06,30.32,29.77,7.85,1.8,23.5
28-03-2024 00:00,74.59,219.7,8.74,20.64,28.52,13.74,1.34,39.21
29-03-2024 00:00,100.12,266.14,8.42,14.69,19.37,14.86,1.69,44.75
30-03-2024 00:00,81.21,309.11,27.56,34.38,32.34,8.03,2.17,30.72
31-03-2024 00:00,117.17,316.99,25.33,29.02,33.64,10.36,1.75,26.62
01-04-2024 00:00,58.52,164.76,7.37,12.34,23.56,8.84,1.2,30.69
02-04-2024 00:00,96.02,248.45,15.17,25.17,21.18,18.38,1.37,34.7
03-04-2024 00:00,71.42,262.52,26.7,48.09,18.53,11.93,1.88,39.07
04-04-2024 00:00,62.55,278.04,30.35,36.94,21.74,10.05,1.77,33.59
05-04-2024 00:00,56.94,205.05,9.8,25.85,21.97,15.1,1.2,32.72
06-04-2024 00:00,65.41,203.48,8.98,23.29,19.95,14.29,1.13,46.99
07-04-2024 00:00,107.8,268.88,17.09,28.54,17.34,19.51,1.57,36.09
08-04-2024 00:00,100.84,313.36,41.21,46.71,23.02,18.21,2.13,30.01
09-04-2024 00:00,72.91,267.89,46.53,59.69,25.95,14.08,1.81,40.72
10-04-2024 00:00,79.35,259.3,28.94,60.14,31.36,12.5,1.61,56.59
11-04-2024 00:00,67.3,244.64,21.31,53.02,35.02,8.96,1.43,42.36
12-04-2024 00:00,89.53,299.78,22.34,55.75,33.09,16.55,1.76,48.42
13-04-2024 00:00,57.16,221.44,8.68,33.32,33.29,6.89,1.17,36.6
14-04-2024 00:00,64.82,174.8,9.48,40.78,52.2,5.13,1.63,22.76
15-04-2024 00:00,136.25,378.65,24.1,36.66,42.89,10.91,2.13,25.53
16-04-2024 00:00,83.7,282.65,13.51,18.13,27.88,7.69,1.3,24.12
17-04-2024 00:00,50.56,187.88,5.96,17.18,25.72,9.96,0.93,40.56
18-04-2024 00:00,71.34,285.49,14.02,28.79,27.86,18.95,1.35,27.43
19-04-2024 00:00,58.72,305.18,26.6,32.15,31.12,11.59,1.35,16.75
20-04-2024 00:00,62.85,296.23,9.04,24.84,29.32,10.7,0.99,29.61
21-04-2024 00:00,46.19,197,7.38,27.07,25.57,9.1,1.11,38.88
22-04-2024 00:00,37.84,172.85,12.46,29.32,23.85,8.93,1.14,38.07
23-04-2024 00:00,81.82,271.35,23.25,38.83,24.7,13.98,1.37,35.5
24-04-2024 00:00,91.91,266.05,17.91,31.09,23.81,14.41,1.47,30.06
25-04-2024 00:00,117.06,349.51,28.51,25.35,19.14,16.12,2.02,26.79
26-04-2024 00:00,72.42,271.54,18.9,19.44,15.88,9.35,1.68,34.35
27-04-2024 00:00,48.23,259.58,6.36,9.18,14.91,9.82,1.09,28.04
28-04-2024 00:00,45.85,201.27,5.64,10.25,12.9,7.15,1.3,36.86
29-04-2024 00:00,76.71,283.49,11.61,9.79,13.36,14.46,1.41,47.03
30-04-2024 00:00,76.42,269.47,10.74,6.17,11.7,13.72,1.38,34.12
01-05-2024 00:00,73.14,274.38,6.15,3.94,8.47,8.95,1.05,38.71
02-05-2024 00:00,89.19,279.55,7.36,4.78,8.32,18.29,1.27,40.72
03-05-2024 00:00,162.9,382.54,10.33,5.13,8.18,25.97,1.7,34.75
04-05-2024 00:00,180.05,468.47,17.99,2.64,7.35,19.16,2.26,37.59
05-05-2024 00:00,140.73,360.62,16.13,None,3.4,20.47,2,39.26
06-05-2024 00:00,127.68,401.51,15.48,None,1.94,15,2.15,37.38
07-05-2024 00:00,182.27,422.78,17.25,None,1.99,15.25,2,47.5
08-05-2024 00:00,65.23,273.55,7.28,None,8.13,4.02,1.41,34.36
09-05-2024 00:00,48.56,184.93,7.96,3.85,9.29,5.27,1.28,40.45
10-05-2024 00:00,63.7,242.24,6.08,19.62,40.68,3.64,1.28,50.85
11-05-2024 00:00,50.17,311.2,4.49,36.53,52.29,5.32,1.23,55.56
12-05-2024 00:00,72,207.21,5.97,49.23,50.99,5.23,1.49,52.68
13-05-2024 00:00,81.21,254.58,35.45,74.29,46.01,9.56,2.17,43.71
14-05-2024 00:00,126.17,303.58,26.2,65.18,35.01,7.16,1.79,47.15
15-05-2024 00:00,113.79,299.79,34.76,78.74,28.54,13.31,1.85,51.13
16-05-2024 00:00,89.75,265.67,11.32,82.05,28.66,8.16,1.42,74.3
17-05-2024 00:00,83.17,335.96,46.56,74.98,31.04,8.52,2.24,43.66
18-05-2024 00:00,99.08,360.71,33.78,61.68,32.62,8.41,1.46,44.28
19-05-2024 00:00,109.04,333.92,13.82,50.3,32.99,14.41,1.27,45.55
20-05-2024 00:00,69.75,319.71,21.48,51.55,25.48,14.28,1.42,39.63
21-05-2024 00:00,72.5,304.21,5.75,49.5,51.58,5.28,1.32,55.16
22-05-2024 00:00,66.46,225.29,4.89,31.71,57.28,4.74,1.24,50.88
23-05-2024 00:00,45.46,161,5.31,23.68,55.35,5.05,0.9,47.4
24-05-2024 00:00,48.12,159,5.38,29.28,43.6,4.32,1.11,52.27
25-05-2024 00:00,60.08,219.04,6.24,38.04,39.28,3.7,1.04,50.68
26-05-2024 00:00,79.88,289.79,25.6,62.76,28.36,12.57,1.83,45.88
27-05-2024 00:00,79.36,313.21,41.39,72.67,27.28,13.17,1.94,60.98
28-05-2024 00:00,71.79,300.12,42.06,81.78,32.17,8.46,1.38,63.56
29-05-2024 00:00,51.88,304.29,11.77,56.8,36.85,10.93,1.31,29.1
30-05-2024 00:00,43.12,267.38,13.68,39.72,35.59,14.51,0.74,62.74
31-05-2024 00:00,56.75,296.62,23.29,47.43,29.9,16.27,1.44,64.65
01-06-2024 00:00,51.97,294.3,11.7,35.01,30.56,17.4,0.51,45.14
02-06-2024 00:00,33.75,155.29,6.14,24.68,31.53,12.95,0.55,76.92
03-06-2024 00:00,50.21,248.71,33.05,34.39,32.71,14.6,2,57.77
04-06-2024 00:00,59.25,292.12,9.4,37.43,33.8,15.36,1.26,74.34
05-06-2024 00:00,47.04,309.21,9,27.59,30.83,9.41,0.72,44.05
06-06-2024 00:00,41.29,154.78,5.2,21.57,32.62,17.68,0.55,85.48
07-06-2024 00:00,48.71,378.43,6.33,19.23,27.66,20.2,0.54,72.79
08-06-2024 00:00,48.67,281.54,5.62,19.69,27.3,23.2,0.77,72.41
09-06-2024 00:00,51.62,207.54,10.7,29.93,23.68,19.95,0.76,78.9
10-06-2024 00:00,38.25,175.83,8.43,25.57,21.14,12.57,0.78,97.41
11-06-2024 00:00,93.94,310.58,27.9,45.57,25.9,41.64,1.31,65.36
12-06-2024 00:00,59.54,285.08,40.4,49.68,25.49,24.39,2.27,59.59
13-06-2024 00:00,43.29,239.21,13.59,27.41,22.64,14.51,0.62,57.46
14-06-2024 00:00,35.79,267.33,6.51,16.46,22.8,12.87,0.59,56.28
15-06-2024 00:00,32.96,206.04,8.61,22.8,24.81,13.37,2.02,48.07
16-06-2024 00:00,52.67,261.33,14.71,30.33,25.29,20.75,0.57,39.92
17-06-2024 00:00,48.72,227.67,11.65,24.06,25.01,20.61,2.47,37.74
18-06-2024 00:00,56.79,326.42,9.65,18.7,25.7,23.79,0.68,24.65
19-06-2024 00:00,42.67,323.04,8.14,18.69,25.42,15.96,0.69,25.76
20-06-2024 00:00,35.12,170.5,4.97,20.5,24.81,11.57,0.81,73.62
21-06-2024 00:00,55.54,230.26,7.25,28.71,31.44,9.85,1.24,34.14
22-06-2024 00:00,100.95,221.25,7.98,33.78,62.64,9.58,0.67,35.63
23-06-2024 00:00,53.83,142.46,6.75,26.24,57.31,8.67,1.08,31.17
24-06-2024 00:00,64.79,174.33,7.1,31.47,57.97,8.19,1.06,21.02
25-06-2024 00:00,64.83,164.12,5.69,23.36,71.81,8.46,1.03,33.86
26-06-2024 00:00,56.04,151.88,5.99,23.81,60.16,8.17,0.69,19.04
27-06-2024 00:00,35.92,81.38,5.76,16.64,55.28,9.02,0.61,16.69
28-06-2024 00:00,38,82.76,6.34,19.8,44.26,8.99,1.1,17.2
29-06-2024 00:00,57.83,153.54,7.37,24.5,35.26,6.89,0.75,12.54
30-06-2024 00:00,67.52,150.59,5.81,15.2,39.39,8.09,1.11,22.62
01-07-2024 00:00,36.19,132.64,7.39,19.08,48.53,8.8,1,21.7
02-07-2024 00:00,43.79,163.29,11.36,25.4,30.69,8.77,1.03,13.17
03-07-2024 00:00,35,110.62,9.35,24.06,34.69,9.5,1.38,12.03
04-07-2024 00:00,29.08,74.21,7.06,19.06,40.61,7.57,0.99,14.49
05-07-2024 00:00,34.08,91.12,6.47,18.26,33.85,6.51,1.09,12.23
06-07-2024 00:00,30.62,97.38,6.21,11.72,28.83,8.24,1.02,15.55
07-07-2024 00:00,11.09,64.54,5.92,10.97,28.74,7.5,0.84,20.54
08-07-2024 00:00,22.88,77.88,6.32,13.4,22.04,9.47,0.95,17.55
09-07-2024 00:00,42.54,127.38,8.82,22.98,19.78,6.89,1.23,11.65
10-07-2024 00:00,63.46,165.5,10.11,26.07,22.19,6.12,1.54,14
11-07-2024 00:00,51.42,171.21,9.66,19.92,27.72,5.74,1.35,19.02
12-07-2024 00:00,26.08,125.46,6.47,14.38,36.77,4.79,1.11,25.45
13-07-2024 00:00,34.83,131.04,7.68,25.29,30.23,7.3,1.12,27.76
14-07-2024 00:00,51.83,152.58,10.72,28.17,34.75,9.04,1.24,34.15
15-07-2024 00:00,50.46,119.79,5.98,19.69,33.1,6.11,1.23,21.81
16-07-2024 00:00,44.78,117.25,5.79,17.19,36.94,7.29,1.34,17.29
17-07-2024 00:00,39.42,109.46,5.72,14.12,33.02,6.31,1.05,17.72
18-07-2024 00:00,47.67,154.21,9.19,26.59,33.59,7.14,1.33,13.75
19-07-2024 00:00,70.42,157.96,9.35,21.89,34.03,5.79,1.72,21.05
20-07-2024 00:00,51.46,130.08,5.96,15.08,37.3,9.61,1.29,30.86
21-07-2024 00:00,43.92,109.38,5.8,15.99,30.09,8.82,1.1,19.16
22-07-2024 00:00,39.79,115.79,8.36,20.35,31.23,4.3,1.41,15.12
23-07-2024 00:00,49.38,139.83,10.3,26.44,32.69,6.31,1.36,14.26
24-07-2024 00:00,59.21,138.29,8.1,30.36,35.2,7.86,1.44,21.56
25-07-2024 00:00,49.08,125.5,7.32,19.73,34.98,6.76,1.27,23.33
26-07-2024 00:00,53.67,133.67,8.05,24.22,30,8.17,1.6,18.24
27-07-2024 00:00,55.5,151.12,11.99,27.58,30.25,8.14,1.32,17.64
28-07-2024 00:00,31.88,91.71,7.81,19.7,34.48,7.17,0.98,14.83
29-07-2024 00:00,34.25,106.83,6.96,18.84,32.19,7.77,0.88,18.1
30-07-2024 00:00,39,118,6.28,20.85,29.86,7.2,1.28,19.39
31-07-2024 00:00,33.12,111.12,9.87,28.37,38.49,7.61,1.15,13.75
01-08-2024 00:00,15.57,60.21,7.14,37.37,42.05,5.94,1.06,26.03
02-08-2024 00:00,31.71,66.88,8.21,46.5,33.46,6.45,0.92,16.94
03-08-2024 00:00,24,82.79,7.21,34.06,32.61,6.7,0.81,25.43
04-08-2024 00:00,18.54,72.96,4.59,28.83,34.52,8.44,0.83,37.3
05-08-2024 00:00,21.25,65.51,5.52,27.88,32.78,6.67,0.77,38.63
06-08-2024 00:00,19.46,109.79,16.15,36.22,30.52,5.43,1.92,28.65
07-08-2024 00:00,19.33,77.12,20.02,38.65,30,7.4,1.06,20.61
08-08-2024 00:00,19.08,49.67,13.32,36.23,28.6,5.11,0.45,22.84
09-08-2024 00:00,30.12,65.96,11.93,39.88,30.02,6.73,1.06,26.29
10-08-2024 00:00,34.79,117.71,15.33,44.85,31.3,7.37,1.03,25.09
11-08-2024 00:00,23.58,49.04,13.18,38.95,32.58,7.6,1.02,20.6
12-08-2024 00:00,33.23,57.59,16.13,45.79,32.29,8.99,1.19,20.12
13-08-2024 00:00,19.75,47.33,17.11,39.29,30.74,5.77,1.17,24.65
14-08-2024 00:00,40.21,120.96,22.83,45.46,32.61,6.58,1.06,30
15-08-2024 00:00,25.58,80.38,7.43,33.61,35.07,5.9,0.88,27.93
16-08-2024 00:00,23.67,90.92,12.07,38.9,36.04,7.02,1.11,25.64
17-08-2024 00:00,33.96,155.75,19.76,52.87,35.98,7.75,1.24,33.34
18-08-2024 00:00,33.04,154.25,20.82,34.47,33.39,7.42,0.84,24.14
19-08-2024 00:00,31.83,150.12,12.37,30.17,33.81,7.73,0.8,23.83
20-08-2024 00:00,17.88,88.71,11.85,36.87,33.89,8.73,1,26.57
21-08-2024 00:00,33.29,159.5,12.42,44.93,29.42,7.17,1.01,47.34
22-08-2024 00:00,23.08,124.75,11.64,31.68,26.92,7.58,0.78,33.01
23-08-2024 00:00,26.3,129.55,10.75,41.6,26.02,9.4,1.08,37.06
24-08-2024 00:00,64.42,149.83,11.31,47.16,28.26,8.65,1.23,57.35
25-08-2024 00:00,23.21,68.08,4.75,28.86,31.44,6.14,0.72,38.72
26-08-2024 00:00,27.29,74.04,4.83,26.4,30.76,6.57,0.92,39.02
27-08-2024 00:00,20.09,54.83,10.84,31.97,27.72,8.79,1.43,25.81
28-08-2024 00:00,20.33,54.96,13.24,36.42,26.67,7.36,1.07,30.34
29-08-2024 00:00,24.08,54.62,28.83,41.41,26.07,7.81,1.3,19.08
30-08-2024 00:00,39.83,118.75,34.39,46.73,25.18,6.02,1.25,33.17
31-08-2024 00:00,41.04,123.83,10.8,30.42,25.54,6.66,1.04,35.73
01-09-2024 00:00,42.58,118.63,6.39,28.04,25.94,6.13,1.06,33.96
02-09-2024 00:00,32.83,90.21,10.68,35.07,27.99,7.94,1.03,28.28
03-09-2024 00:00,34.83,118,8.41,35.46,27.73,7.58,0.98,31.15
04-09-2024 00:00,23.75,73.54,24.74,41.07,26.21,7.16,1.75,23.04
05-09-2024 00:00,37.67,112.42,14.68,49.67,24.72,6.97,1.21,52.96
06-09-2024 00:00,27.75,92.92,11.1,38.71,23.22,5.33,1.08,27.06
07-09-2024 00:00,22.17,69.38,9.16,39.2,24.01,7,1.17,32.37
08-09-2024 00:00,48.25,72.92,17.4,37.19,24.24,6.13,1.28,18.48
09-09-2024 00:00,50.12,105.71,21.72,45.19,24.49,7.58,1.4,29.93
10-09-2024 00:00,43.92,134.79,38.37,54.57,25.82,6.74,1.36,46.17
11-09-2024 00:00,37.54,110.21,28.02,49.52,28.5,7.72,1.45,29.24
12-09-2024 00:00,15.7,38,4.58,24.87,26.52,6.37,0.76,25.51
13-09-2024 00:00,14.92,30.17,11.86,35.26,24.79,6.79,1.05,29.86
14-09-2024 00:00,25.63,101.29,24.95,36.8,22.29,7.66,1.24,25.42
15-09-2024 00:00,40.29,169.88,24.85,38.02,21.44,6.43,1.12,26.55
16-09-2024 00:00,48.41,228.29,33.91,39.81,21.77,8.31,1.23,29.91
17-09-2024 00:00,48.38,192.46,24.11,43.58,23.03,6.18,0.77,36.65
18-09-2024 00:00,36.46,101.79,17.04,48.17,24.01,7.85,1.12,32.48
19-09-2024 00:00,29.27,100.48,14.03,38.33,25.08,7.95,1.16,31.14
20-09-2024 00:00,32.54,200.21,29.37,48.78,23.14,8.01,1.4,38.71
21-09-2024 00:00,48.58,210.38,35.71,56.18,21.52,7.4,1.55,41
22-09-2024 00:00,73.29,187.33,19.49,44.46,22.22,8.07,0.7,42.24
23-09-2024 00:00,87.75,230.17,23.67,53.52,24.4,8.42,1.25,40.27
24-09-2024 00:00,101.46,256.46,29.09,59.1,25.78,7.41,1.51,46.89
25-09-2024 00:00,82.17,233.08,15.56,54.5,23.8,4.77,0.87,42.79
26-09-2024 00:00,28.92,93.58,10.24,36.91,19.44,6.68,0.94,31.16
27-09-2024 00:00,15.62,76.71,7.13,29.26,17.08,4.13,0.86,31.37
28-09-2024 00:00,20.33,81.08,6.99,30.71,15.62,7.08,0.86,43.72
29-09-2024 00:00,29.42,106.58,9.25,41.88,14.38,9.36,1,38.35
30-09-2024 00:00,63.96,168.12,10.38,38.73,12.89,8.15,1.01,42.53
01-10-2024 00:00,76.19,210.31,28.82,52.35,10.11,7.11,1.47,40.93
02-10-2024 00:00,77.83,276.46,48.41,59.08,9.05,5.8,1.5,36.94
03-10-2024 00:00,65.17,270.83,75.94,58.63,8.41,7.9,1.71,30.39
04-10-2024 00:00,60.08,232.75,45.17,58.75,8.6,4.53,1.68,24.93
05-10-2024 00:00,44.12,218.96,47.92,43.83,7.77,9.32,1.59,21.78
06-10-2024 00:00,44.96,165.79,13.25,38.84,6.91,5.95,0.75,33.77
07-10-2024 00:00,48.54,169.62,14.88,42.14,7.01,7.79,1.45,27.78
08-10-2024 00:00,65.54,194.88,17.87,47.4,7,8.69,1.2,38.58
09-10-2024 00:00,69.42,187.83,14.44,51.33,7.89,7.49,1.12,36.33
10-10-2024 00:00,49.58,178.08,12.19,44.12,9.11,7.24,0.71,32.89
11-10-2024 00:00,63.42,177.17,12.32,57.52,10.19,7.95,1.17,34.04
12-10-2024 00:00,88.67,238.43,44.62,62.75,20.42,12.06,1.98,31.12
13-10-2024 00:00,105.67,337.83,120.12,62.98,29.6,8.41,2.67,30.98
14-10-2024 00:00,106.21,330.96,106.43,63.66,35.74,5.96,1.91,27.84
15-10-2024 00:00,97.78,295.25,74.57,68.84,41.54,7.46,1.57,30
16-10-2024 00:00,125.21,416.83,108.79,85.53,48.08,8.72,2.79,32.41
17-10-2024 00:00,139.79,418.92,135.76,80.94,53.3,7.12,3.65,61.57
18-10-2024 00:00,138.29,426.83,158.6,68.72,55.05,6.42,2.77,26.32
19-10-2024 00:00,132.58,433.7,172.36,82.7,54.88,7.06,3.17,36.92
20-10-2024 00:00,152.04,420.38,92.17,100.3,70.74,2.03,2.17,76.45
21-10-2024 00:00,163.88,371.94,40.01,87.83,68.25,3.48,3.14,114.05
22-10-2024 00:00,170.96,389.42,65.94,88.32,66.04,2.85,2.1,71.03
23-10-2024 00:00,237.58,422.83,37.21,71.36,71.62,2.52,1.83,58.69
24-10-2024 00:00,154.17,364.4,45.98,55.7,53.22,3.01,1.9,17.43
25-10-2024 00:00,114.54,288.54,42.32,64.38,48.04,2.18,1.95,41.08
26-10-2024 00:00,148.75,371.31,73.09,79.36,50.02,4.85,2.93,49.44
27-10-2024 00:00,182.38,392.71,62.73,106.85,69.45,1.99,3.05,56.72
28-10-2024 00:00,136.79,324,41.41,90.16,63.06,3.97,2.21,43.45
29-10-2024 00:00,123.33,309.25,36.94,93.92,57.59,6.48,2.26,41.12
30-10-2024 00:00,170.05,423.39,90.09,96.29,57.79,10.37,3.04,39.55
31-10-2024 00:00,223.29,365.36,34.32,63.21,65.31,13.04,1.84,15.96
01-11-2024 00:00,227.66,320.18,55.09,51,47.8,17.76,2.03,4.38
02-11-2024 00:00,218.21,419.19,67.31,91.49,52.01,14.14,2.43,23.09
03-11-2024 00:00,262.33,501.3,137.95,117.12,52.25,18.05,3.48,18.7
04-11-2024 00:00,266.64,519.04,119.56,92.03,62.51,10.67,3.08,94.81
05-11-2024 00:00,209.33,454.79,140.11,117.51,57.6,10.36,3.08,90.59
06-11-2024 00:00,206.46,449.38,138.86,125.61,62.99,9.74,3.4,87.2
07-11-2024 00:00,238.58,429.96,65.49,110.95,78.2,7.62,1.88,83.08
08-11-2024 00:00,208.58,368.96,31.03,106.17,75.34,8.27,2.17,62.88
09-11-2024 00:00,184.5,329.88,24.26,85.13,64.86,8.57,2.02,74.81
10-11-2024 00:00,186.71,382.88,68.15,100.52,63.73,9.08,3.11,80.06
11-11-2024 00:00,203.96,434.43,141.3,135.41,70.99,10.9,3.37,79.37
12-11-2024 00:00,202.04,383.46,56.65,97.07,63.85,5.08,1.82,53.45
13-11-2024 00:00,441.52,644.78,53.15,76.4,81.59,6.48,3.67,67.34
14-11-2024 00:00,357.53,572.5,83.65,118.12,71.16,8.4,2.77,59.24
15-11-2024 00:00,305.88,484.17,69.69,97,68.92,9.01,2.53,45.84
16-11-2024 00:00,347.54,557.71,134.04,91.92,70.31,11.28,3.92,43.21
17-11-2024 00:00,513.17,657.18,64.5,69.9,85.81,5.64,2.01,45.32
18-11-2024 00:00,651.25,791.33,27.29,64.22,81.86,9.06,3.08,44.48
19-11-2024 00:00,332.21,452.79,37.35,71.41,47.66,9.26,1.86,22.91
20-11-2024 00:00,290.87,512.61,129.46,87.14,48.41,11.63,3.33,20.28
21-11-2024 00:00,217.08,427.25,126.45,84.42,48.85,8.35,2.52,15.13
22-11-2024 00:00,282.21,467.29,118.02,82.64,58.33,8.84,3.33,62.77
23-11-2024 00:00,281.75,570.58,161.68,119.49,56.12,8.57,3.14,90.65
24-11-2024 00:00,179.17,411,101.67,82.38,56.02,7.92,2.74,69.47
25-11-2024 00:00,251.12,387.92,32.83,70.71,58.21,6.83,1.31,73.9
26-11-2024 00:00,167.17,299.79,52.61,73.84,53.38,8.91,1.91,55.11
27-11-2024 00:00,169.12,314.39,118.25,74.69,42.79,10.51,2.33,58.57
28-11-2024 00:00,223.04,446.04,155.16,88.95,26.76,11.22,3.4,69.99
29-11-2024 00:00,210.79,408.38,158.52,95.63,17.42,11.52,3.52,64.09
30-11-2024 00:00,207.12,377.38,94.12,91.75,39.69,7.47,2.28,49.43
01-12-2024 00:00,161.29,307,135.71,115.02,97.79,13.06,2.94,46.67
02-12-2024 00:00,153.58,316.08,110.41,103.98,98.97,13.67,2.61,40.9
03-12-2024 00:00,126.5,273.08,107.22,101.06,94.28,7.46,2.67,37.9
04-12-2024 00:00,86.04,202.92,61.5,86.61,79.58,10.41,1.61,34.93
05-12-2024 00:00,76.58,211.5,92.79,93.82,66.08,11.36,1.97,34.23
06-12-2024 00:00,101.58,249.25,128.74,101.74,73.06,13.93,2.37,36.79
07-12-2024 00:00,132.38,324.12,184.13,115.75,84.97,12.31,3.4,37.2
08-12-2024 00:00,148.96,280.88,86.72,127.9,99.62,11.43,1.78,54.65
09-12-2024 00:00,93.44,207.29,50.67,99.98,81.02,9.23,1.6,34.58
10-12-2024 00:00,112.63,217.07,43.59,71.88,68.29,8.57,1.51,29.98
11-12-2024 00:00,121.79,257.96,108.25,89.9,70.32,9.28,2.11,39.41
12-12-2024 00:00,159.29,321.88,93.28,101.9,84.66,12.61,2.04,35.82
13-12-2024 00:00,127.75,242.75,30.02,77.6,80.94,6.33,1.39,38.47
14-12-2024 00:00,105.29,225.54,60.61,80.34,67.73,6.27,2.08,38.84
15-12-2024 00:00,178.54,355.71,123.8,101.15,84.08,7.25,2.94,34.46
16-12-2024 00:00,267.21,449.88,154.46,116.94,119.6,4.38,3.09,31.89
17-12-2024 00:00,360.79,571.58,206.06,138.74,140.65,2.63,3.45,42.07
18-12-2024 00:00,367.67,538.22,124.1,105.87,155.68,5.61,2.8,26.89
19-12-2024 00:00,376,559.92,222.1,136.04,143.8,4.49,4.6,29.73
20-12-2024 00:00,336.04,475.92,111.46,124.6,145,3.3,3.64,32.57
21-12-2024 00:00,273.62,439.39,108.23,91.8,141.99,7.46,1.88,29.95
22-12-2024 00:00,296,452.71,136.19,127.4,146.03,4.49,2.85,28.15
23-12-2024 00:00,270.42,358.33,34.48,119.28,141.94,5.85,2.72,18.93
24-12-2024 00:00,226.42,312.29,57.43,99.52,136.85,6.04,2.74,12.75
25-12-2024 00:00,230.58,302.95,115.29,78.17,143.76,8.38,3.03,18.58
26-12-2024 00:00,254.43,599.95,104.12,104.14,153.84,11.25,2.65,26.67
27-12-2024 00:00,173.7,219.78,36,79.32,159.8,4.25,1.03,9.2
28-12-2024 00:00,99.5,119.82,38.05,63.59,104.03,6.2,1.83,5.06
29-12-2024 00:00,96.21,127.83,10.75,32.92,81.75,3.84,1.15,15.59
30-12-2024 00:00,100.83,147.38,29.24,40.68,70.53,3.73,1.44,20.83
31-12-2024 00:00,154.92,239.62,38.75,68.2,89.78,4.87,1.85,21.8
01-01-2025 00:00,160.56,238.11,43.94,53.85,100.79,3.45,1.82,22.37
02-01-2025 00:00,185.96,264.5,37.12,49.7,138.4,5.55,2.2,16.24
03-01-2025 00:00,267.62,376.33,110.37,75.11,172.74,6.75,3.84,42.13
04-01-2025 00:00,273.64,328.95,41.33,104.6,175.31,2.7,3.25,74.64
05-01-2025 00:00,181.88,254.17,16.9,62.07,128.31,2.34,1.87,19.12
06-01-2025 00:00,156.42,213.92,21.62,50.86,122.09,1.13,1.99,14.25
07-01-2025 00:00,181.54,267.21,57.73,46.42,147.84,5.66,2.33,21.4
08-01-2025 00:00,149.08,237.67,89.39,72.68,125.04,3.86,1.84,27.45
09-01-2025 00:00,297.39,446.77,173.82,119.22,171.24,4.82,3.9,31.43
10-01-2025 00:00,274.19,363.19,59,88.75,177.32,2.02,1.72,21.53
11-01-2025 00:00,173.96,219.12,18.8,64.57,118.41,4.41,1.59,29.39
12-01-2025 00:00,132.63,153.66,24.88,59.2,80.15,2.83,1.54,23.02
13-01-2025 00:00,117.21,150.88,30.07,48.05,73.35,2.33,1.44,13.77
14-01-2025 00:00,173.33,248.25,77.76,61.1,75.55,4.75,2.86,30.18
15-01-2025 00:00,252.65,318.24,109.84,76.45,91.15,3.93,1.97,23.62
16-01-2025 00:00,166.17,220,99.33,87.24,77.76,6.94,3.05,17.58
17-01-2025 00:00,137.92,180.46,17.48,50.05,69.1,3.57,0.48,25.54
18-01-2025 00:00,170.06,305.61,63.43,61.79,74.47,7.83,2.58,54.83
19-01-2025 00:00,247.25,454.29,185.13,93.89,101.96,9.88,3.76,91.23
20-01-2025 00:00,162.88,241.42,45.29,73.98,99.36,5.74,1.05,61.05
21-01-2025 00:00,144.54,235.58,37.9,77.93,81.57,8.29,1.69,64.35
22-01-2025 00:00,139.25,289.08,110.31,77.55,77.21,9.5,2.85,60.96
23-01-2025 00:00,144.92,248.67,61.94,82.78,88.05,6.02,1.5,59.27
24-01-2025 00:00,93.62,170.08,27.89,68.66,66.87,11.79,1.42,54.39
25-01-2025 00:00,74.79,175.83,48.28,76,52.09,10.36,1.38,48.26
26-01-2025 00:00,99.38,221.67,62.43,82.63,59.19,9.94,1.95,59.45
27-01-2025 00:00,118.04,230.21,49.48,90.35,70.6,10.2,1.58,59.32
28-01-2025 00:00,148.75,339.62,127.84,97.28,73.06,15.65,2.96,67.9
29-01-2025 00:00,254.46,400.38,118.7,118.82,100.83,10.92,2.46,86.07
30-01-2025 00:00,191.42,284.54,25.47,95.38,100.04,10.97,1.92,76.37
31-01-2025 00:00,228.94,328.79,87.28,90.11,113.31,9.62,2.93,71.05
01-02-2025 00:00,233.78,338.77,55.2,89.78,116.42,7.1,2.47,59.01
02-02-2025 00:00,188.88,269.92,35.46,58.1,104.23,8.31,1.8,42.94
03-02-2025 00:00,138.71,294.88,79.5,79.32,73.54,9.58,2.87,43.41
04-02-2025 00:00,174.12,334.33,64.93,110.06,92.54,7.64,2.56,46.52
05-02-2025 00:00,128.62,212.25,32.11,63.01,80.55,9.45,1.42,47.29
06-02-2025 00:00,104.8,210.78,25.89,62.16,59.55,7.97,1.37,57.97
07-02-2025 00:00,79.75,172,22.33,64.9,49.4,10.58,1.3,50.77
08-02-2025 00:00,78.71,204.58,51.96,74.7,48.75,11.39,1.73,47.77
09-02-2025 00:00,122.96,288.29,106.06,87.68,62.76,14.71,2.59,55.65
10-02-2025 00:00,164.62,382.25,133.36,93.6,80.02,14.65,2.64,47.65
11-02-2025 00:00,168.18,401.55,196.36,102.86,84.7,12.65,3.48,52.27
12-02-2025 00:00,93.75,210.67,51.81,60.36,69.46,8.87,1.16,42.18
13-02-2025 00:00,61.54,149.38,19.12,51.47,50.76,9.02,1.1,57.24
14-02-2025 00:00,60.83,158.29,32.1,72.58,43.86,13.07,1.5,43.29
15-02-2025 00:00,111,331.71,117.57,97.56,52.56,18.17,2.92,50.72
16-02-2025 00:00,164.43,299.54,74.24,107.59,78.94,10.57,1.92,50.67
17-02-2025 00:00,119.83,287.62,133.07,101.08,71.01,16.71,3.23,34.73
18-02-2025 00:00,94.38,233.62,88.11,77.67,66.79,10.56,1.99,26.18
19-02-2025 00:00,84,215.88,53.5,73.28,60.09,10.59,1.77,28.83
20-02-2025 00:00,47,103.75,19.16,61.26,66.65,11.41,1.38,30.84
21-02-2025 00:00,97.42,184.79,29.49,65.63,65.78,13.18,1.84,35.84
22-02-2025 00:00,78.33,141.21,23.05,53.77,63.45,9.81,1.48,25.11
23-02-2025 00:00,77,155.21,40.96,64.3,58.99,12.38,1.67,33.88
24-02-2025 00:00,102.91,248.36,66.07,72.79,63.02,11.68,2.13,35.43
25-02-2025 00:00,112.4,275.67,109.06,76.77,65.74,10.13,2.76,40.3
26-02-2025 00:00,107.79,298.17,86.07,102.58,69.28,10.61,2.26,34.54
27-02-2025 00:00,73.17,175.17,52.49,67.18,76.25,8.43,1.7,17.67
28-02-2025 00:00,58.88,124.67,30.07,51.51,68.92,6.97,1.46,20.5
01-03-2025 00:00,65.35,115.83,29.18,43.39,74.77,9.38,1.54,27.55
02-03-2025 00:00,58.79,144,32.5,47.29,55.52,9.31,1.44,30.01
03-03-2025 00:00,81.38,206.33,41.14,68.71,51.89,12.13,1.52,33.29
04-03-2025 00:00,53.75,153.38,21.24,40.49,55.55,9.65,1.23,37.7
05-03-2025 00:00,33.92,125.83,10.39,29.72,33.52,12.27,0.98,53.57
06-03-2025 00:00,50.88,170.04,84.95,56.11,30.38,17.98,1.86,43.21
07-03-2025 00:00,97.62,233.96,112.62,72.71,44.42,17.01,2.02,36.5
08-03-2025 00:00,86.92,228.12,87.54,71.74,52.19,17.34,1.99,41.01
09-03-2025 00:00,87.88,212.04,68.13,93.1,59.91,14.28,1.28,42.79
10-03-2025 00:00,87.83,212,22.44,76.86,58.56,15.09,1.38,53.11
11-03-2025 00:00,112.46,253.83,35.16,89.26,67.51,14.72,1.98,53.08
12-03-2025 00:00,141.83,261.42,39.26,64.04,85.51,18.42,1.54,25.24
13-03-2025 00:00,97.08,214.88,27.01,65.08,73.41,20.4,1.51,30.14
14-03-2025 00:00,91.04,166.54,25.54,51.08,62.94,17.86,1.33,35.39
15-03-2025 00:00,26.08,81.38,9.75,29.96,46.82,12.49,0.73,49.79
16-03-2025 00:00,48.75,101.58,14.3,33.07,53.2,14.43,0.77,32.04
17-03-2025 00:00,71.54,135.38,17.65,42.95,55.45,13.95,0.96,37.48
18-03-2025 00:00,77.79,166,30.54,54.47,50.32,13.85,1.15,31.74
19-03-2025 00:00,87.54,199.17,31.98,57.04,47.19,17.14,1.27,31.08
20-03-2025 00:00,78.67,206.42,52.98,59.7,48.06,13.42,1.46,27.69
21-03-2025 00:00,95.38,200.08,25.56,48.18,54.53,17.08,1.26,24.23
22-03-2025 00:00,79.88,203.83,41.56,48.95,51.64,15.71,1.44,30.2
23-03-2025 00:00,93.62,235.92,48.74,47.29,52.37,13.75,1.34,31.1
24-03-2025 00:00,93,228.71,48.62,42.03,51.16,11.61,1.71,30.69
25-03-2025 00:00,108.08,251.12,43.22,40.54,54.05,11.06,1.84,31.91
26-03-2025 00:00,110.67,357.5,71.99,40.71,60.82,8.66,2.64,22.14
27-03-2025 00:00,100.75,338.54,100.32,38.73,64.45,6.97,2.36,14.88
28-03-2025 00:00,75.38,262.92,48.24,32.46,55.34,10.19,0.58,30.9
29-03-2025 00:00,45.04,155.33,17.86,34.36,41.94,10.81,0.66,45.97
30-03-2025 00:00,62,153.12,20.28,35.52,46.53,11.37,0.84,34.86
31-03-2025 00:00,84.62,173.25,25.39,35.25,50.18,8.78,0.92,24.85
01-04-2025 00:00,84.28,213.35,29.94,36.64,48.95,12,1.24,17.46
02-04-2025 00:00,131.79,312.04,57.14,38.42,54.41,7.78,2.47,21.22
03-04-2025 00:00,84.42,300.42,83.41,43.42,46.47,9.5,1.73,25.88
04-04-2025 00:00,83.12,264.25,56.85,39.91,51.28,8.94,1.32,32.71
05-04-2025 00:00,79.42,208.42,26.89,32.77,59.22,10.18,1.43,36.65
06-04-2025 00:00,99.92,273.5,35.15,11.63,54.3,24,2.39,42.11
07-04-2025 00:00,97.62,271.5,39.78,33.16,59.79,17.07,2.02,62.77
08-04-2025 00:00,96,266.83,19.59,44.73,60.05,15.79,1.49,71.71
09-04-2025 00:00,96.08,271.33,16.98,40.51,74.91,12.59,1.7,53.9
10-04-2025 00:00,64.29,284.71,22.87,34.46,63.17,12.22,1.15,46.43
11-04-2025 00:00,50.79,150.65,16.07,31.07,64.23,7.31,0.73,29.69
12-04-2025 00:00,38.5,112.96,22.03,31.35,57.05,1.76,0.98,38.59
13-04-2025 00:00,54.5,159.38,24.44,36.27,52.36,3.78,1.02,45.71
14-04-2025 00:00,83.12,205.25,28,36.57,57.16,5.91,1.31,36.07
15-04-2025 00:00,67.75,192.62,26.57,37.67,56.12,9.95,1.26,36.72
16-04-2025 00:00,85.54,221.42,25.85,57.82,56.97,12.12,1.41,53.45
17-04-2025 00:00,73.62,236.96,17.81,61.1,52.21,15.62,1.74,58.7
18-04-2025 00:00,72.17,235.17,16.36,51.64,57.89,16.11,1.34,57.42
19-04-2025 00:00,51.38,174.42,12.26,44.02,61.89,16.36,0.86,45.78
20-04-2025 00:00,53.58,171.38,16.5,46.63,65.15,13.64,1.08,39.75
21-04-2025 00:00,66.29,266.67,37.1,56.16,44.34,17.45,1.06,28.16
22-04-2025 00:00,80.29,273.17,66.31,58.75,34.62,28.88,1.37,28.52
23-04-2025 00:00,93.46,286.54,136.71,55.04,36.52,23.43,1.67,37.93
24-04-2025 00:00,108.88,342.88,181.25,55.89,41.75,17.27,2.85,29.19
25-04-2025 00:00,100.62,322.12,210.45,68.79,46.65,15.02,3.52,30.29
26-04-2025 00:00,106.86,321.72,152.71,77.79,56.53,18.01,2.64,34.45
27-04-2025 00:00,89.54,346.78,92.73,54.92,59.67,21.42,1.48,37.43
28-04-2025 00:00,95,282.21,50.49,38.15,66.29,14.13,1.53,55.77
29-04-2025 00:00,60.5,216.58,14.78,28.8,73.59,25.57,1.49,49.22
30-04-2025 00:00,66.62,206.79,14.97,28.7,68.02,24.67,1.58,62.67
01-05-2025 00:00,75.19,209.82,10.44,32.61,77.34,20.02,1.2,98.21
02-05-2025 00:00,52.67,149.96,13.14,52.91,66.89,17.53,0.92,98.32
03-05-2025 00:00,83.5,225.12,19.7,72.1,59.1,14.98,1.08,80.54
04-05-2025 00:00,93.04,267.5,12.63,65.58,65.03,20.45,0.99,120.27
05-05-2025 00:00,43.29,129.79,10.11,55.07,56.07,15.53,0.82,111.53
06-05-2025 00:00,57.17,168.46,13.9,71.71,53.24,20.3,0.81,80.66
07-05-2025 00:00,58.46,162.38,9.5,55.05,51.74,11.22,0.79,81.42
08-05-2025 00:00,74.71,182.75,10.22,67.75,54.94,21.28,0.92,74.72
09-05-2025 00:00,70.38,176.09,11.8,62.86,54.8,16.67,0.99,69.38
10-05-2025 00:00,121.21,234.42,16.47,66.7,64.9,25.73,1.07,63.48
11-05-2025 00:00,80.75,225.04,21.14,59.33,60.08,17.17,1.01,81
12-05-2025 00:00,52.67,174.54,19.06,58.17,42.96,19.52,1.21,92.27
13-05-2025 00:00,32.25,144.58,13.18,45.64,36.19,13.19,0.78,73.85
14-05-2025 00:00,53.67,194.57,26.26,63.57,37.88,17.83,1.08,61.59
15-05-2025 00:00,206,355.92,60.5,76.83,35.52,31.19,1.45,57.59
16-05-2025 00:00,99.5,327.21,29.07,78.73,37.61,22.78,0.85,72.73
17-05-2025 00:00,41.17,183.71,12.67,52.72,37.09,17.78,0.77,73.27
18-05-2025 00:00,55.46,199.58,11.76,49.26,44.94,19.71,1.02,91.52
19-05-2025 00:00,82,235.62,8.16,46.91,47.57,15.34,1.69,74.92
20-05-2025 00:00,77.38,255.54,7.55,49.07,68.36,12.85,1.22,75.42
21-05-2025 00:00,72.5,220.57,7.78,47.78,70.81,12.13,1.07,80.96
22-05-2025 00:00,27.67,77.33,7.53,42.52,59.16,11.77,0.88,77.02
23-05-2025 00:00,47.5,112.38,6.23,36.01,52.45,12.33,1.1,88.9
24-05-2025 00:00,57,143,6.3,36.4,52.03,13.37,1.05,85.81
25-05-2025 00:00,38.89,117.72,6.92,32,44.18,13.44,1.03,66.45
26-05-2025 00:00,60.54,130.88,10.25,48.71,43.5,9.76,1.37,40.28
27-05-2025 00:00,56.17,149.79,8.89,49.77,59.83,10.28,1.38,68.07
28-05-2025 00:00,71.92,174.5,10.51,57.48,52.53,12.25,1.56,67.47
29-05-2025 00:00,60.96,176.5,13.47,57.94,54.2,11.9,1.34,53.3
30-05-2025 00:00,67.71,172.83,14.34,66.91,42.17,14.63,1.28,55.66
31-05-2025 00:00,68.17,245.14,26.49,85.9,39,13.86,1.4,65.79
01-06-2025 00:00,50.46,191.31,4.85,47.28,33.62,16.43,0.72,57.42
02-06-2025 00:00,50.67,203.87,11.56,51.9,38.73,14.95,1.1,98.23
03-06-2025 00:00,41.62,163.09,11.47,53.89,33.1,12.6,0.99,66.4
04-06-2025 00:00,50.81,249.86,11.96,48.93,33.78,13.84,1.24,58.16
05-06-2025 00:00,41.58,158.39,17.66,51.68,31.9,16.79,0.92,76.34
06-06-2025 00:00,45.89,180.71,15.28,62.36,29.69,15.84,1.15,75.6
07-06-2025 00:00,67.58,231.5,14.42,78.98,29.72,14.78,1.41,117.61
08-06-2025 00:00,72,269.96,50.08,83.04,29.13,17.75,1.89,76.99
09-06-2025 00:00,72.54,292.75,36.91,65.45,26.24,19.8,0.99,61.52
10-06-2025 00:00,71.12,329.88,63.39,57.97,22.51,20.01,1.35,41.98
11-06-2025 00:00,63.71,287.67,38.14,50.08,25.42,16.31,0.99,65.05
12-06-2025 00:00,72.42,203.79,4.68,40.44,46.21,13.71,1.23,89.37
13-06-2025 00:00,60.25,200.29,5.13,37.41,43.39,12.69,1.05,67.36
14-06-2025 00:00,65.62,174.37,5.22,41.77,45.75,13.74,0.88,78.07
15-06-2025 00:00,45.08,133.79,6.96,42.64,35.53,15.18,1.28,75.53
16-06-2025 00:00,50.67,131.62,6.18,45.93,33.82,12.82,1.13,55.81
17-06-2025 00:00,39.6,74.02,8.41,38.21,19.34,11.35,1.09,50.18
18-06-2025 00:00,53.35,96.27,7.32,36.18,21.22,12.77,1.22,50.42
19-06-2025 00:00,43.75,112.08,7.63,37.74,39.29,11.41,1.05,40.92
20-06-2025 00:00,38.92,95.92,6.81,32.88,31.95,10.38,0.96,41.95
21-06-2025 00:00,36.04,98.75,8.05,34.59,32.34,10.16,1.19,44.28
22-06-2025 00:00,36.29,103.5,7.94,34.43,28.82,11.93,1.12,44.55
23-06-2025 00:00,51.01,115.5,7.53,36.76,32.21,12.74,1.13,55.19
24-06-2025 00:00,54.08,130.67,7.67,38.49,33.04,13.93,1.19,37.96
25-06-2025 00:00,66.96,126.38,6.34,32.49,31.45,15.43,1.35,48.54
26-06-2025 00:00,34.75,90.04,7.54,28.42,28.69,13.62,0.95,45.62
27-06-2025 00:00,27.08,90.38,7.03,28.69,34.97,12.98,0.95,54.1
28-06-2025 00:00,31.92,92.42,11.49,43.83,29.67,15.52,1.23,47.26
29-06-2025 00:00,37.79,88.75,13.36,41.46,30.87,12.14,1.05,40.02
30-06-2025 00:00,32.42,65.67,12.21,43.9,29.18,12.44,1.06,42.95
01-07-2025 00:00,42.05,90.17,9.87,41.8,29.47,15.9,0.82,53.96
02-07-2025 00:00,31.46,101.25,11.22,41.83,29.96,14.99,1.12,44.77
03-07-2025 00:00,34.96,94.96,8.71,32.96,32.67,12.61,0.94,49.24
04-07-2025 00:00,43.42,93.88,12.32,43.86,29.36,13.09,1.47,65.63
05-07-2025 00:00,47.38,105,21.99,43.3,30.27,12.47,1.31,54.48
06-07-2025 00:00,41.5,103.88,10.69,39.04,32.87,14.7,0.89,46.78
07-07-2025 00:00,22.74,72.52,11.42,36.78,49.55,13.43,0.83,44.32
08-07-2025 00:00,36.67,157.08,19.06,47.43,32.43,12.71,1.21,39.79
09-07-2025 00:00,18.4,67.67,10.88,28.06,33.98,14.04,0.9,32.38
10-07-2025 00:00,19.35,52.85,13.64,41.4,33.6,11.33,1.27,33.03
11-07-2025 00:00,28.5,77,13.56,46.76,29.64,12.88,1.14,35.05
12-07-2025 00:00,31.72,92.46,10.36,34.07,25.61,12.36,0.87,39.08
13-07-2025 00:00,34.43,80.22,8.58,39.01,26.78,13.68,1.05,44.05
14-07-2025 00:00,22.83,43.21,7.49,31.04,28.02,10.94,0.81,27.93
15-07-2025 00:00,19.17,48.12,9.34,23.29,26.83,11.73,0.91,30.32
16-07-2025 00:00,33.46,82.25,10.62,32.65,25.95,12.1,1.01,40.01
17-07-2025 00:00,33.38,88.12,8.55,31.7,28.24,10.41,0.9,40.76
18-07-2025 00:00,27.12,50.12,5.81,23.87,26.23,14.21,0.91,36.02
19-07-2025 00:00,21.08,60.33,8.82,21.8,25.45,11.64,0.62,32.97
20-07-2025 00:00,27.12,107.88,13.39,33.01,22.54,11.61,0.95,32.12
21-07-2025 00:00,36.21,134.71,18.95,45.6,21.44,12.25,1.3,27.56
22-07-2025 00:00,39.71,114.29,15.94,43.08,28.79,10.93,1.04,28.51
23-07-2025 00:00,21.46,79.21,21.39,31.22,23.94,11.17,0.88,20.95
24-07-2025 00:00,35.62,146.83,18.82,29.13,28.97,11.72,0.86,36.96
25-07-2025 00:00,42.64,157.62,16.33,28.82,25.84,9.71,1.04,41.88
26-07-2025 00:00,29.12,94.42,9.93,33.93,42,10.8,0.87,54.47
27-07-2025 00:00,30.04,93.67,6.84,25.45,31.55,9.44,0.53,54.9
28-07-2025 00:00,43.71,114.48,10.94,37.58,29.54,12.97,0.79,77.11
29-07-2025 00:00,34.61,64.26,15.73,40.76,22.39,9.79,0.81,54.3
30-07-2025 00:00,30.62,63.38,11.55,29.62,39.98,12.96,0.85,48.83
31-07-2025 00:00,19.05,25.57,17.77,27.28,23.63,11.69,1.03,38.88
01-08-2025 00:00,23.14,71.09,13.73,18.45,33.41,12.66,0.81,21.23
02-08-2025 00:00,29.42,111.58,11.7,19.22,25.61,10.26,0.72,24.56
03-08-2025 00:00,30.5,115.33,11.89,19.18,21.02,11.8,0.76,35.67
04-08-2025 00:00,32.54,150.17,15.23,21.42,21.46,12.09,0.92,29.16
05-08-2025 00:00,30.75,127.08,16.15,25.14,20.96,12.22,0.8,23.93
06-08-2025 00:00,30.12,141.67,15.86,23.39,20.5,12.65,0.74,20.39
07-08-2025 00:00,28.54,123.25,12.99,19.01,20.91,13.12,0.62,18.85
08-08-2025 00:00,27.08,135.92,10.78,19.28,22.21,12.59,0.81,18.33
09-08-2025 00:00,28.08,50.54,10.08,19.67,20.99,13.35,1.92,24.55
10-08-2025 00:00,33.83,110.71,10.56,17.42,24.26,12.69,0.77,27.01
11-08-2025 00:00,32.12,148.75,12.32,23.76,23.32,12.19,0.97,17.94
12-08-2025 00:00,29.58,113.62,14,24.35,22.13,12.23,1.25,22.19
13-08-2025 00:00,40.81,201.04,25.68,33.45,25.75,11.12,1.38,19.25
14-08-2025 00:00,25.86,56.23,15.68,42.92,24.23,12.32,1.19,20.75
15-08-2025 00:00,56.79,91.08,8.07,33.07,24.95,9.74,0.92,34.04
16-08-2025 00:00,55.46,117.67,12.63,36.94,23.07,13.14,1.2,34.04
17-08-2025 00:00,39.08,93.42,12.74,34.63,19.18,13.25,0.88,30.11
18-08-2025 00:00,39.62,107.71,10.24,33.8,29.07,14.64,0.81,34.69
19-08-2025 00:00,30.54,93.83,8.15,33.41,27.1,13.92,0.91,26.95
20-08-2025 00:00,25.17,87.29,10.71,30.06,25.16,13.78,0.64,29.1
21-08-2025 00:00,26.25,103.54,11.18,32.18,28.33,10.02,0.77,27.56
22-08-2025 00:00,47.88,134.92,17.42,54.44,31.4,7.89,1.09,38.26
23-08-2025 00:00,21.2,83.21,10.26,33.38,27.78,4.29,1.35,25.9
24-08-2025 00:00,16.96,40.26,13.8,34.14,34.01,2.83,1.51,10.7
25-08-2025 00:00,21.85,40.95,11.39,31.96,35.34,2.81,0.8,16.24
26-08-2025 00:00,15.33,25.7,20.78,29.96,29.85,2.6,0.69,20.28
27-08-2025 00:00,27.75,69.38,43.55,43.73,39.15,12.65,1.4,16.88
28-08-2025 00:00,51.58,137.58,34.88,37.44,51.51,4.68,1.22,41.98
29-08-2025 00:00,42.46,100.88,5.49,28.58,43.22,3.23,0.82,29.27
30-08-2025 00:00,28.08,117,7.44,33.46,32.78,5.46,0.94,33.31
31-08-2025 00:00,24.96,100.67,5.04,30.37,27.36,7.87,0.77,34.46
01-09-2025 00:00,12.45,37.05,4.22,25.47,22.65,8.31,0.79,26.82
02-09-2025 00:00,9.65,17.08,6.55,27.12,20.68,6.33,0.83,24.33
03-09-2025 00:00,17.27,46.99,10.5,32.01,20.11,7.08,0.83,22.18
04-09-2025 00:00,21.96,56.08,8.01,31.02,21.71,6.02,1.2,33.02
05-09-2025 00:00,23.12,59.25,5.01,24.29,16.37,7.58,0.74,29.32
06-09-2025 00:00,29.04,99.08,4.81,27.55,19.13,12.27,1.04,29.92
07-09-2025 00:00,32.29,119.79,7.71,29.11,19.92,8.43,1.11,26.85
08-09-2025 00:00,28.96,215.29,18.8,37.9,20.04,8.9,1.36,23.38
09-09-2025 00:00,21.86,150.73,10.7,25.54,20.77,9.83,0.93,20.19
10-09-2025 00:00,19.46,112.33,5.36,17.35,21.44,9.23,0.99,23.51
11-09-2025 00:00,21.46,130.58,12.38,21.16,19.49,10.54,1.05,21.95
12-09-2025 00:00,21.54,130.92,31.14,25.15,18.01,9.54,1.19,17.07
13-09-2025 00:00,26.08,133.38,143.09,36.02,18.18,3.49,0.82,14.69
14-09-2025 00:00,32.21,167.58,130.8,42.63,20.42,1.16,0.98,18.86
15-09-2025 00:00,32.12,166.21,113.44,39.84,21.25,2.62,1.21,15.87
16-09-2025 00:00,30,154.79,85.09,39.05,21.98,3.39,0.82,24.14
17-09-2025 00:00,54.12,189.71,72.19,49.62,24.02,5.85,1.24,34.18
18-09-2025 00:00,52.9,149.96,129.99,56.21,27.99,6.05,1.91,37.17
19-09-2025 00:00,55.46,177.74,53.44,37.13,34.49,7.32,1.1,30.09
20-09-2025 00:00,35.54,180.04,55.41,33.75,33.74,9.59,0.87,20.49
21-09-2025 00:00,33.46,159.54,45.32,29.31,29.29,10.39,0.96,23.77
22-09-2025 00:00,35.42,170.62,42.96,29.95,26.21,9.1,0.94,22.48
23-09-2025 00:00,30.32,146.12,39.95,32.67,24.12,10.42,1.09,22.48
24-09-2025 00:00,30.49,147.53,35.34,35.56,24.11,8.91,0.98,25.07
25-09-2025 00:00,28.21,135.25,29.99,33.51,25.98,10.04,0.88,27.66
26-09-2025 00:00,35.17,141.04,26.98,34.91,28.4,10.77,1.22,33.78
27-09-2025 00:00,60.04,205.96,17.37,42.61,31.26,10.1,1.14,85.78
28-09-2025 00:00,38.96,143.62,26.52,47.89,33.61,13.18,0.92,30.8
29-09-2025 00:00,43.12,151.62,20.76,48.95,31.17,11.05,1.02,37.75
30-09-2025 00:00,45.46,130.12,17.87,52.98,24.76,11.54,1.18,19.63
01-10-2025 00:00,41.6,148.32,12.47,53.49,24.42,13.13,1.46,53.48
02-10-2025 00:00,40.35,182.85,9.32,40.79,24.96,15.13,1.12,38.71
03-10-2025 00:00,51.16,189.98,38.6,50.5,28.06,15.76,3.41,64.54
04-10-2025 00:00,78.25,242.25,26.58,54.69,31.29,13.2,1.38,37.95
05-10-2025 00:00,70.12,216.21,23.98,51.84,32.09,12.72,1.58,37.71
06-10-2025 00:00,24.54,67.79,13.98,39.21,23.28,15.26,1.16,19.64
07-10-2025 00:00,17.08,50.29,10.04,41.44,20.11,12.51,0.94,25.92
08-10-2025 00:00,38.21,111.34,16.1,44.86,18.97,7.69,1.68,21.76
09-10-2025 00:00,41.96,165.46,13.38,38.91,15.38,2.6,1.39,34.48
10-10-2025 00:00,64.75,239.67,24.23,48.46,15.68,2.6,1.82,48.71
11-10-2025 00:00,77.88,252,30.64,57.51,18.2,10.65,1.24,28.71
12-10-2025 00:00,77.54,239.83,27.41,48.75,20.99,19.94,1.52,45.55
13-10-2025 00:00,87.46,298.67,40.79,62.78,24.71,19.13,1.59,37.22
14-10-2025 00:00,104.02,324.15,58.23,69.78,25.58,15.27,2.06,36.25
15-10-2025 00:00,116.12,423.3,101.49,78.99,27.77,16.35,2.89,39.81
16-10-2025 00:00,116.17,429.92,87.24,74.66,31.12,15.11,2.41,38.9
17-10-2025 00:00,116.93,339.21,91.97,74.47,30.81,14.52,2.56,49.28
18-10-2025 00:00,133.38,412.48,62.88,76.01,40.25,12.74,1.87,59.72
19-10-2025 00:00,164.12,418,73.77,78.39,41.2,22.98,2.27,61.46
20-10-2025 00:00,227.99,428.8,57.33,78.53,24.7,15.68,2.28,65.62
21-10-2025 00:00,255.06,432.53,74.03,78.29,21.78,51.32,2.71,42.29
22-10-2025 00:00,203.92,347.25,50.25,62.56,22.36,15.9,2.57,48.52
23-10-2025 00:00,118.32,237.46,17.4,52.31,18.37,17.08,1.44,56.31
 ,,,,,,,,
